starttime	seconds	ctime	dtime	ttime	wait
Tue Nov 18 18:51:05 2014	1416316865	31	85	116	85
Tue Nov 18 18:51:05 2014	1416316865	31	85	117	85
Tue Nov 18 18:51:05 2014	1416316865	40	83	123	82
Tue Nov 18 18:51:05 2014	1416316865	40	83	123	83
Tue Nov 18 18:51:05 2014	1416316865	31	94	125	94
Tue Nov 18 18:51:05 2014	1416316865	32	94	125	86
Tue Nov 18 18:51:05 2014	1416316865	46	80	126	75
Tue Nov 18 18:51:06 2014	1416316866	53	75	128	75
Tue Nov 18 18:51:06 2014	1416316866	53	75	128	75
Tue Nov 18 18:51:05 2014	1416316865	46	82	128	82
Tue Nov 18 18:51:05 2014	1416316865	28	101	129	101
Tue Nov 18 18:51:05 2014	1416316865	28	101	129	101
Tue Nov 18 18:51:06 2014	1416316866	58	72	130	72
Tue Nov 18 18:51:06 2014	1416316866	53	78	131	75
Tue Nov 18 18:51:06 2014	1416316866	9	122	131	122
Tue Nov 18 18:51:06 2014	1416316866	12	120	133	120
Tue Nov 18 18:51:06 2014	1416316866	52	81	133	81
Tue Nov 18 18:51:06 2014	1416316866	13	120	133	120
Tue Nov 18 18:51:06 2014	1416316866	12	121	133	121
Tue Nov 18 18:51:06 2014	1416316866	56	78	134	78
Tue Nov 18 18:51:06 2014	1416316866	56	78	134	78
Tue Nov 18 18:51:05 2014	1416316865	62	73	135	73
Tue Nov 18 18:51:05 2014	1416316865	62	73	135	73
Tue Nov 18 18:51:05 2014	1416316865	61	73	135	73
Tue Nov 18 18:51:05 2014	1416316865	62	73	135	73
Tue Nov 18 18:51:05 2014	1416316865	62	73	135	73
Tue Nov 18 18:51:06 2014	1416316866	11	124	135	122
Tue Nov 18 18:51:06 2014	1416316866	9	126	136	126
Tue Nov 18 18:51:06 2014	1416316866	10	126	136	126
Tue Nov 18 18:51:06 2014	1416316866	10	126	136	125
Tue Nov 18 18:51:05 2014	1416316865	64	72	136	72
Tue Nov 18 18:51:05 2014	1416316865	24	114	138	114
Tue Nov 18 18:51:05 2014	1416316865	25	114	138	113
Tue Nov 18 18:51:05 2014	1416316865	22	116	139	116
Tue Nov 18 18:51:05 2014	1416316865	22	116	139	116
Tue Nov 18 18:51:05 2014	1416316865	22	117	139	117
Tue Nov 18 18:51:05 2014	1416316865	23	116	139	116
Tue Nov 18 18:51:05 2014	1416316865	22	117	139	116
Tue Nov 18 18:51:06 2014	1416316866	10	129	139	129
Tue Nov 18 18:51:05 2014	1416316865	65	75	139	75
Tue Nov 18 18:51:05 2014	1416316865	65	75	140	75
Tue Nov 18 18:51:06 2014	1416316866	46	93	140	93
Tue Nov 18 18:51:06 2014	1416316866	46	93	140	93
Tue Nov 18 18:51:06 2014	1416316866	46	94	140	93
Tue Nov 18 18:51:05 2014	1416316865	65	75	140	75
Tue Nov 18 18:51:05 2014	1416316865	65	75	140	75
Tue Nov 18 18:51:05 2014	1416316865	25	115	140	115
Tue Nov 18 18:51:05 2014	1416316865	26	115	140	115
Tue Nov 18 18:51:05 2014	1416316865	25	115	140	115
Tue Nov 18 18:51:05 2014	1416316865	65	76	140	76
Tue Nov 18 18:51:05 2014	1416316865	66	75	141	75
Tue Nov 18 18:51:05 2014	1416316865	24	117	141	117
Tue Nov 18 18:51:05 2014	1416316865	60	81	141	81
Tue Nov 18 18:51:05 2014	1416316865	24	117	141	117
Tue Nov 18 18:51:05 2014	1416316865	24	117	141	114
Tue Nov 18 18:51:06 2014	1416316866	28	114	142	114
Tue Nov 18 18:51:06 2014	1416316866	28	114	142	114
Tue Nov 18 18:51:06 2014	1416316866	31	111	142	111
Tue Nov 18 18:51:06 2014	1416316866	31	111	142	111
Tue Nov 18 18:51:05 2014	1416316865	28	115	143	115
Tue Nov 18 18:51:05 2014	1416316865	28	115	143	115
Tue Nov 18 18:51:05 2014	1416316865	27	116	143	101
Tue Nov 18 18:51:06 2014	1416316866	42	101	143	101
Tue Nov 18 18:51:05 2014	1416316865	22	122	144	122
Tue Nov 18 18:51:06 2014	1416316866	49	96	144	95
Tue Nov 18 18:51:06 2014	1416316866	49	95	144	95
Tue Nov 18 18:51:06 2014	1416316866	44	100	144	100
Tue Nov 18 18:51:06 2014	1416316866	49	95	144	95
Tue Nov 18 18:51:06 2014	1416316866	46	98	144	98
Tue Nov 18 18:51:06 2014	1416316866	31	113	144	111
Tue Nov 18 18:51:05 2014	1416316865	23	122	144	116
Tue Nov 18 18:51:05 2014	1416316865	22	122	144	122
Tue Nov 18 18:51:06 2014	1416316866	43	101	145	101
Tue Nov 18 18:51:06 2014	1416316866	48	96	145	96
Tue Nov 18 18:51:06 2014	1416316866	42	103	145	101
Tue Nov 18 18:51:06 2014	1416316866	50	94	145	94
Tue Nov 18 18:51:06 2014	1416316866	50	94	145	94
Tue Nov 18 18:51:06 2014	1416316866	42	103	145	103
Tue Nov 18 18:51:06 2014	1416316866	51	94	145	93
Tue Nov 18 18:51:06 2014	1416316866	43	102	145	102
Tue Nov 18 18:51:06 2014	1416316866	46	100	145	99
Tue Nov 18 18:51:06 2014	1416316866	49	97	145	97
Tue Nov 18 18:51:06 2014	1416316866	48	98	146	98
Tue Nov 18 18:51:06 2014	1416316866	48	98	146	98
Tue Nov 18 18:51:06 2014	1416316866	42	104	146	104
Tue Nov 18 18:51:06 2014	1416316866	46	100	146	100
Tue Nov 18 18:51:05 2014	1416316865	65	81	146	81
Tue Nov 18 18:51:06 2014	1416316866	45	102	147	101
Tue Nov 18 18:51:06 2014	1416316866	46	101	147	101
Tue Nov 18 18:51:06 2014	1416316866	41	106	148	106
Tue Nov 18 18:51:06 2014	1416316866	46	102	148	101
Tue Nov 18 18:51:06 2014	1416316866	49	99	148	98
Tue Nov 18 18:51:06 2014	1416316866	32	117	148	112
Tue Nov 18 18:51:06 2014	1416316866	32	117	148	117
Tue Nov 18 18:51:06 2014	1416316866	49	100	149	100
Tue Nov 18 18:51:06 2014	1416316866	46	103	149	103
Tue Nov 18 18:51:06 2014	1416316866	46	103	149	103
Tue Nov 18 18:51:06 2014	1416316866	48	101	149	101
Tue Nov 18 18:51:06 2014	1416316866	48	101	149	98
Tue Nov 18 18:51:06 2014	1416316866	49	100	149	100
Tue Nov 18 18:51:06 2014	1416316866	49	100	149	100
Tue Nov 18 18:51:06 2014	1416316866	41	108	149	108
Tue Nov 18 18:51:06 2014	1416316866	52	97	149	97
Tue Nov 18 18:51:06 2014	1416316866	46	104	149	103
Tue Nov 18 18:51:06 2014	1416316866	41	108	149	108
Tue Nov 18 18:51:06 2014	1416316866	46	103	149	103
Tue Nov 18 18:51:06 2014	1416316866	47	103	149	103
Tue Nov 18 18:51:06 2014	1416316866	47	103	150	103
Tue Nov 18 18:51:06 2014	1416316866	50	99	150	99
Tue Nov 18 18:51:06 2014	1416316866	50	99	150	99
Tue Nov 18 18:51:06 2014	1416316866	51	99	150	99
Tue Nov 18 18:51:06 2014	1416316866	46	103	150	103
Tue Nov 18 18:51:06 2014	1416316866	47	103	150	103
Tue Nov 18 18:51:06 2014	1416316866	51	99	150	99
Tue Nov 18 18:51:06 2014	1416316866	53	97	150	97
Tue Nov 18 18:51:06 2014	1416316866	53	98	150	97
Tue Nov 18 18:51:06 2014	1416316866	57	93	150	93
Tue Nov 18 18:51:06 2014	1416316866	55	95	151	95
Tue Nov 18 18:51:06 2014	1416316866	45	105	151	105
Tue Nov 18 18:51:06 2014	1416316866	52	98	151	98
Tue Nov 18 18:51:06 2014	1416316866	54	97	151	96
Tue Nov 18 18:51:06 2014	1416316866	30	122	151	121
Tue Nov 18 18:51:06 2014	1416316866	51	100	151	100
Tue Nov 18 18:51:06 2014	1416316866	31	120	151	120
Tue Nov 18 18:51:06 2014	1416316866	32	120	151	120
Tue Nov 18 18:51:06 2014	1416316866	32	119	151	117
Tue Nov 18 18:51:06 2014	1416316866	52	99	151	99
Tue Nov 18 18:51:06 2014	1416316866	29	123	152	121
Tue Nov 18 18:51:06 2014	1416316866	47	105	152	105
Tue Nov 18 18:51:06 2014	1416316866	48	105	153	105
Tue Nov 18 18:51:06 2014	1416316866	51	102	153	102
Tue Nov 18 18:51:06 2014	1416316866	52	101	153	101
Tue Nov 18 18:51:06 2014	1416316866	53	99	153	99
Tue Nov 18 18:51:06 2014	1416316866	32	121	153	120
Tue Nov 18 18:51:06 2014	1416316866	38	116	154	116
Tue Nov 18 18:51:06 2014	1416316866	38	116	154	116
Tue Nov 18 18:51:06 2014	1416316866	48	106	154	106
Tue Nov 18 18:51:06 2014	1416316866	26	128	154	128
Tue Nov 18 18:51:06 2014	1416316866	49	105	154	103
Tue Nov 18 18:51:06 2014	1416316866	33	121	154	121
Tue Nov 18 18:51:06 2014	1416316866	31	123	154	123
Tue Nov 18 18:51:05 2014	1416316865	37	118	155	118
Tue Nov 18 18:51:06 2014	1416316866	25	130	155	130
Tue Nov 18 18:51:06 2014	1416316866	40	115	155	115
Tue Nov 18 18:51:06 2014	1416316866	20	136	155	136
Tue Nov 18 18:51:06 2014	1416316866	40	116	156	116
Tue Nov 18 18:51:06 2014	1416316866	48	108	156	106
Tue Nov 18 18:51:06 2014	1416316866	47	109	156	109
Tue Nov 18 18:51:06 2014	1416316866	46	110	156	110
Tue Nov 18 18:51:06 2014	1416316866	40	116	156	116
Tue Nov 18 18:51:06 2014	1416316866	46	110	156	110
Tue Nov 18 18:51:06 2014	1416316866	26	130	156	130
Tue Nov 18 18:51:06 2014	1416316866	22	135	157	135
Tue Nov 18 18:51:06 2014	1416316866	6	151	157	150
Tue Nov 18 18:51:06 2014	1416316866	29	128	157	128
Tue Nov 18 18:51:06 2014	1416316866	28	129	157	129
Tue Nov 18 18:51:06 2014	1416316866	6	151	157	151
Tue Nov 18 18:51:06 2014	1416316866	25	132	157	132
Tue Nov 18 18:51:06 2014	1416316866	25	132	157	132
Tue Nov 18 18:51:06 2014	1416316866	8	149	157	149
Tue Nov 18 18:51:06 2014	1416316866	7	150	157	150
Tue Nov 18 18:51:06 2014	1416316866	47	110	157	109
Tue Nov 18 18:51:06 2014	1416316866	7	150	157	150
Tue Nov 18 18:51:06 2014	1416316866	47	110	157	110
Tue Nov 18 18:51:06 2014	1416316866	5	152	157	152
Tue Nov 18 18:51:06 2014	1416316866	48	110	158	110
Tue Nov 18 18:51:06 2014	1416316866	42	116	158	116
Tue Nov 18 18:51:06 2014	1416316866	9	149	158	149
Tue Nov 18 18:51:06 2014	1416316866	23	135	158	135
Tue Nov 18 18:51:06 2014	1416316866	7	151	158	151
Tue Nov 18 18:51:06 2014	1416316866	7	151	158	151
Tue Nov 18 18:51:06 2014	1416316866	7	151	158	151
Tue Nov 18 18:51:05 2014	1416316865	73	85	158	85
Tue Nov 18 18:51:05 2014	1416316865	78	80	158	80
Tue Nov 18 18:51:06 2014	1416316866	18	140	158	137
Tue Nov 18 18:51:06 2014	1416316866	29	130	158	130
Tue Nov 18 18:51:06 2014	1416316866	25	133	158	133
Tue Nov 18 18:51:06 2014	1416316866	13	145	158	143
Tue Nov 18 18:51:06 2014	1416316866	8	150	158	150
Tue Nov 18 18:51:06 2014	1416316866	29	129	159	129
Tue Nov 18 18:51:06 2014	1416316866	9	150	159	150
Tue Nov 18 18:51:06 2014	1416316866	30	129	159	129
Tue Nov 18 18:51:06 2014	1416316866	30	129	159	129
Tue Nov 18 18:51:06 2014	1416316866	7	152	159	152
Tue Nov 18 18:51:05 2014	1416316865	79	81	159	80
Tue Nov 18 18:51:05 2014	1416316865	85	74	159	74
Tue Nov 18 18:51:06 2014	1416316866	16	143	159	143
Tue Nov 18 18:51:06 2014	1416316866	10	149	159	149
Tue Nov 18 18:51:06 2014	1416316866	12	147	159	147
Tue Nov 18 18:51:06 2014	1416316866	14	145	160	145
Tue Nov 18 18:51:06 2014	1416316866	42	118	160	117
Tue Nov 18 18:51:05 2014	1416316865	41	119	160	119
Tue Nov 18 18:51:06 2014	1416316866	6	154	160	153
Tue Nov 18 18:51:06 2014	1416316866	8	152	160	152
Tue Nov 18 18:51:06 2014	1416316866	7	153	160	153
Tue Nov 18 18:51:06 2014	1416316866	5	155	160	152
Tue Nov 18 18:51:06 2014	1416316866	6	154	160	154
Tue Nov 18 18:51:06 2014	1416316866	6	154	161	154
Tue Nov 18 18:51:06 2014	1416316866	6	154	161	154
Tue Nov 18 18:51:06 2014	1416316866	5	156	161	155
Tue Nov 18 18:51:05 2014	1416316865	41	120	162	112
Tue Nov 18 18:51:06 2014	1416316866	6	155	162	155
Tue Nov 18 18:51:05 2014	1416316865	78	84	162	84
Tue Nov 18 18:51:06 2014	1416316866	10	152	162	151
Tue Nov 18 18:51:05 2014	1416316865	78	84	162	84
Tue Nov 18 18:51:06 2014	1416316866	7	155	162	155
Tue Nov 18 18:51:06 2014	1416316866	10	153	162	153
Tue Nov 18 18:51:06 2014	1416316866	66	97	163	97
Tue Nov 18 18:51:06 2014	1416316866	10	153	163	153
Tue Nov 18 18:51:06 2014	1416316866	46	117	163	117
Tue Nov 18 18:51:06 2014	1416316866	8	155	163	155
Tue Nov 18 18:51:06 2014	1416316866	10	153	163	153
Tue Nov 18 18:51:06 2014	1416316866	10	153	163	153
Tue Nov 18 18:51:05 2014	1416316865	73	91	163	91
Tue Nov 18 18:51:05 2014	1416316865	73	91	164	91
Tue Nov 18 18:51:05 2014	1416316865	81	83	164	82
Tue Nov 18 18:51:05 2014	1416316865	81	83	164	83
Tue Nov 18 18:51:06 2014	1416316866	12	153	164	152
Tue Nov 18 18:51:06 2014	1416316866	7	157	164	157
Tue Nov 18 18:51:05 2014	1416316865	82	83	164	83
Tue Nov 18 18:51:06 2014	1416316866	47	117	164	117
Tue Nov 18 18:51:05 2014	1416316865	82	83	164	83
Tue Nov 18 18:51:06 2014	1416316866	7	157	164	157
Tue Nov 18 18:51:05 2014	1416316865	76	89	164	89
Tue Nov 18 18:51:06 2014	1416316866	14	151	164	150
Tue Nov 18 18:51:06 2014	1416316866	14	151	164	150
Tue Nov 18 18:51:05 2014	1416316865	76	89	164	89
Tue Nov 18 18:51:05 2014	1416316865	82	82	164	82
Tue Nov 18 18:51:06 2014	1416316866	7	157	164	157
Tue Nov 18 18:51:05 2014	1416316865	81	84	165	84
Tue Nov 18 18:51:05 2014	1416316865	77	88	165	88
Tue Nov 18 18:51:05 2014	1416316865	96	70	166	70
Tue Nov 18 18:51:05 2014	1416316865	96	70	166	70
Tue Nov 18 18:51:06 2014	1416316866	15	151	166	150
Tue Nov 18 18:51:06 2014	1416316866	10	156	166	156
Tue Nov 18 18:51:06 2014	1416316866	47	119	166	119
Tue Nov 18 18:51:05 2014	1416316865	73	94	166	93
Tue Nov 18 18:51:05 2014	1416316865	99	67	166	67
Tue Nov 18 18:51:05 2014	1416316865	99	67	166	66
Tue Nov 18 18:51:05 2014	1416316865	81	86	167	86
Tue Nov 18 18:51:05 2014	1416316865	81	86	167	86
Tue Nov 18 18:51:05 2014	1416316865	81	86	167	86
Tue Nov 18 18:51:06 2014	1416316866	14	153	167	153
Tue Nov 18 18:51:05 2014	1416316865	82	85	167	85
Tue Nov 18 18:51:05 2014	1416316865	81	86	167	85
Tue Nov 18 18:51:05 2014	1416316865	94	73	167	73
Tue Nov 18 18:51:05 2014	1416316865	95	73	168	73
Tue Nov 18 18:51:05 2014	1416316865	95	73	168	73
Tue Nov 18 18:51:05 2014	1416316865	75	92	168	89
Tue Nov 18 18:51:05 2014	1416316865	93	74	168	74
Tue Nov 18 18:51:05 2014	1416316865	93	74	168	74
Tue Nov 18 18:51:05 2014	1416316865	93	74	168	74
Tue Nov 18 18:51:05 2014	1416316865	99	70	168	70
Tue Nov 18 18:51:06 2014	1416316866	10	158	168	158
Tue Nov 18 18:51:05 2014	1416316865	99	70	168	70
Tue Nov 18 18:51:06 2014	1416316866	15	153	168	153
Tue Nov 18 18:51:05 2014	1416316865	93	75	168	75
Tue Nov 18 18:51:05 2014	1416316865	99	70	169	70
Tue Nov 18 18:51:05 2014	1416316865	99	70	169	70
Tue Nov 18 18:51:06 2014	1416316866	10	158	169	158
Tue Nov 18 18:51:06 2014	1416316866	55	114	169	114
Tue Nov 18 18:51:06 2014	1416316866	55	114	169	114
Tue Nov 18 18:51:06 2014	1416316866	54	115	169	114
Tue Nov 18 18:51:05 2014	1416316865	95	74	169	74
Tue Nov 18 18:51:05 2014	1416316865	93	76	169	76
Tue Nov 18 18:51:06 2014	1416316866	47	122	169	119
Tue Nov 18 18:51:06 2014	1416316866	47	122	169	122
Tue Nov 18 18:51:05 2014	1416316865	95	74	169	74
Tue Nov 18 18:51:05 2014	1416316865	93	76	169	76
Tue Nov 18 18:51:06 2014	1416316866	3	166	169	166
Tue Nov 18 18:51:05 2014	1416316865	93	76	169	76
Tue Nov 18 18:51:06 2014	1416316866	4	166	169	166
Tue Nov 18 18:51:06 2014	1416316866	10	159	169	159
Tue Nov 18 18:51:06 2014	1416316866	55	114	169	114
Tue Nov 18 18:51:06 2014	1416316866	10	159	170	159
Tue Nov 18 18:51:06 2014	1416316866	8	162	170	162
Tue Nov 18 18:51:06 2014	1416316866	4	166	170	166
Tue Nov 18 18:51:06 2014	1416316866	19	151	170	150
Tue Nov 18 18:51:06 2014	1416316866	19	151	170	150
Tue Nov 18 18:51:06 2014	1416316866	17	153	170	153
Tue Nov 18 18:51:06 2014	1416316866	8	163	170	163
Tue Nov 18 18:51:06 2014	1416316866	8	163	171	163
Tue Nov 18 18:51:06 2014	1416316866	21	150	171	145
Tue Nov 18 18:51:06 2014	1416316866	7	164	171	164
Tue Nov 18 18:51:06 2014	1416316866	18	153	171	153
Tue Nov 18 18:51:06 2014	1416316866	17	154	172	154
Tue Nov 18 18:51:06 2014	1416316866	12	159	172	159
Tue Nov 18 18:51:06 2014	1416316866	6	165	172	165
Tue Nov 18 18:51:06 2014	1416316866	12	159	172	159
Tue Nov 18 18:51:06 2014	1416316866	18	154	173	154
Tue Nov 18 18:51:06 2014	1416316866	56	116	173	116
Tue Nov 18 18:51:06 2014	1416316866	5	168	173	168
Tue Nov 18 18:51:06 2014	1416316866	5	168	173	168
Tue Nov 18 18:51:05 2014	1416316865	84	89	173	89
Tue Nov 18 18:51:06 2014	1416316866	7	166	173	166
Tue Nov 18 18:51:05 2014	1416316865	85	89	173	89
Tue Nov 18 18:51:05 2014	1416316865	85	88	173	88
Tue Nov 18 18:51:05 2014	1416316865	85	89	173	89
Tue Nov 18 18:51:06 2014	1416316866	56	118	174	118
Tue Nov 18 18:51:06 2014	1416316866	5	169	174	169
Tue Nov 18 18:51:06 2014	1416316866	8	166	174	166
Tue Nov 18 18:51:06 2014	1416316866	6	167	174	167
Tue Nov 18 18:51:06 2014	1416316866	15	159	174	159
Tue Nov 18 18:51:06 2014	1416316866	9	165	174	165
Tue Nov 18 18:51:06 2014	1416316866	15	159	174	159
Tue Nov 18 18:51:05 2014	1416316865	99	75	174	75
Tue Nov 18 18:51:06 2014	1416316866	7	167	174	167
Tue Nov 18 18:51:06 2014	1416316866	19	156	175	156
Tue Nov 18 18:51:06 2014	1416316866	3	172	175	172
Tue Nov 18 18:51:05 2014	1416316865	88	88	175	79
Tue Nov 18 18:51:06 2014	1416316866	8	167	175	167
Tue Nov 18 18:51:06 2014	1416316866	8	167	175	167
Tue Nov 18 18:51:05 2014	1416316865	88	88	175	88
Tue Nov 18 18:51:05 2014	1416316865	87	88	175	88
Tue Nov 18 18:51:05 2014	1416316865	88	88	175	88
Tue Nov 18 18:51:06 2014	1416316866	20	156	176	156
Tue Nov 18 18:51:05 2014	1416316865	88	88	176	88
Tue Nov 18 18:51:06 2014	1416316866	7	168	176	168
Tue Nov 18 18:51:05 2014	1416316865	70	105	176	105
Tue Nov 18 18:51:06 2014	1416316866	7	169	176	169
Tue Nov 18 18:51:06 2014	1416316866	56	120	176	120
Tue Nov 18 18:51:06 2014	1416316866	57	119	177	119
Tue Nov 18 18:51:05 2014	1416316865	70	107	177	107
Tue Nov 18 18:51:05 2014	1416316865	72	105	177	105
Tue Nov 18 18:51:05 2014	1416316865	70	107	177	107
Tue Nov 18 18:51:06 2014	1416316866	108	70	178	70
Tue Nov 18 18:51:06 2014	1416316866	108	70	178	70
Tue Nov 18 18:51:06 2014	1416316866	4	174	178	174
Tue Nov 18 18:51:05 2014	1416316865	16	163	179	163
Tue Nov 18 18:51:06 2014	1416316866	8	171	179	171
Tue Nov 18 18:51:05 2014	1416316865	14	165	179	165
Tue Nov 18 18:51:05 2014	1416316865	14	165	179	165
Tue Nov 18 18:51:05 2014	1416316865	13	167	180	167
Tue Nov 18 18:51:05 2014	1416316865	14	165	180	165
Tue Nov 18 18:51:05 2014	1416316865	81	99	180	98
Tue Nov 18 18:51:05 2014	1416316865	81	99	180	98
Tue Nov 18 18:51:05 2014	1416316865	72	107	180	107
Tue Nov 18 18:51:05 2014	1416316865	20	160	180	160
Tue Nov 18 18:51:05 2014	1416316865	4	176	181	176
Tue Nov 18 18:51:06 2014	1416316866	7	175	181	175
Tue Nov 18 18:51:05 2014	1416316865	19	163	182	163
Tue Nov 18 18:51:05 2014	1416316865	81	101	182	99
Tue Nov 18 18:51:06 2014	1416316866	108	74	182	74
Tue Nov 18 18:51:05 2014	1416316865	81	101	182	101
Tue Nov 18 18:51:05 2014	1416316865	88	94	182	94
Tue Nov 18 18:51:05 2014	1416316865	84	98	182	98
Tue Nov 18 18:51:05 2014	1416316865	88	94	182	94
Tue Nov 18 18:51:05 2014	1416316865	88	94	182	94
Tue Nov 18 18:51:05 2014	1416316865	15	168	183	167
Tue Nov 18 18:51:05 2014	1416316865	15	168	183	167
Tue Nov 18 18:51:05 2014	1416316865	6	178	183	178
Tue Nov 18 18:51:06 2014	1416316866	56	128	184	128
Tue Nov 18 18:51:06 2014	1416316866	56	128	184	128
Tue Nov 18 18:51:05 2014	1416316865	24	160	184	160
Tue Nov 18 18:51:05 2014	1416316865	14	170	184	170
Tue Nov 18 18:51:06 2014	1416316866	56	128	184	128
Tue Nov 18 18:51:05 2014	1416316865	13	171	184	170
Tue Nov 18 18:51:05 2014	1416316865	23	161	184	161
Tue Nov 18 18:51:05 2014	1416316865	23	161	184	161
Tue Nov 18 18:51:05 2014	1416316865	6	178	184	178
Tue Nov 18 18:51:05 2014	1416316865	95	89	184	89
Tue Nov 18 18:51:05 2014	1416316865	6	178	184	178
Tue Nov 18 18:51:05 2014	1416316865	17	168	184	167
Tue Nov 18 18:51:05 2014	1416316865	6	179	184	178
Tue Nov 18 18:51:05 2014	1416316865	7	177	184	177
Tue Nov 18 18:51:05 2014	1416316865	95	89	184	89
Tue Nov 18 18:51:05 2014	1416316865	17	168	184	167
Tue Nov 18 18:51:06 2014	1416316866	108	77	185	77
Tue Nov 18 18:51:05 2014	1416316865	14	170	185	170
Tue Nov 18 18:51:05 2014	1416316865	4	180	185	180
Tue Nov 18 18:51:05 2014	1416316865	17	168	185	167
Tue Nov 18 18:51:05 2014	1416316865	4	180	185	180
Tue Nov 18 18:51:05 2014	1416316865	14	170	185	170
Tue Nov 18 18:51:05 2014	1416316865	25	160	185	160
Tue Nov 18 18:51:05 2014	1416316865	87	98	185	98
Tue Nov 18 18:51:05 2014	1416316865	22	163	185	163
Tue Nov 18 18:51:05 2014	1416316865	88	97	185	97
Tue Nov 18 18:51:05 2014	1416316865	88	97	185	97
Tue Nov 18 18:51:06 2014	1416316866	56	130	185	130
Tue Nov 18 18:51:06 2014	1416316866	56	130	185	129
Tue Nov 18 18:51:05 2014	1416316865	88	97	185	97
Tue Nov 18 18:51:05 2014	1416316865	88	97	185	97
Tue Nov 18 18:51:05 2014	1416316865	97	89	185	89
Tue Nov 18 18:51:05 2014	1416316865	97	89	185	89
Tue Nov 18 18:51:05 2014	1416316865	14	172	186	172
Tue Nov 18 18:51:05 2014	1416316865	19	168	186	167
Tue Nov 18 18:51:06 2014	1416316866	108	79	187	79
Tue Nov 18 18:51:06 2014	1416316866	134	53	187	53
Tue Nov 18 18:51:05 2014	1416316865	25	163	188	163
Tue Nov 18 18:51:05 2014	1416316865	11	178	189	178
Tue Nov 18 18:51:05 2014	1416316865	11	178	190	178
Tue Nov 18 18:51:05 2014	1416316865	11	178	190	178
Tue Nov 18 18:51:05 2014	1416316865	10	180	190	180
Tue Nov 18 18:51:05 2014	1416316865	10	180	190	179
Tue Nov 18 18:51:05 2014	1416316865	10	180	190	180
Tue Nov 18 18:51:06 2014	1416316866	122	69	191	67
Tue Nov 18 18:51:06 2014	1416316866	122	69	191	69
Tue Nov 18 18:51:06 2014	1416316866	122	69	191	69
Tue Nov 18 18:51:06 2014	1416316866	122	69	191	69
Tue Nov 18 18:51:05 2014	1416316865	4	187	191	187
Tue Nov 18 18:51:05 2014	1416316865	101	90	191	90
Tue Nov 18 18:51:05 2014	1416316865	23	168	191	168
Tue Nov 18 18:51:05 2014	1416316865	22	169	191	169
Tue Nov 18 18:51:05 2014	1416316865	22	169	191	161
Tue Nov 18 18:51:05 2014	1416316865	13	179	191	179
Tue Nov 18 18:51:05 2014	1416316865	5	187	193	187
Tue Nov 18 18:51:05 2014	1416316865	29	164	193	164
Tue Nov 18 18:51:05 2014	1416316865	99	95	193	94
Tue Nov 18 18:51:05 2014	1416316865	99	94	193	91
Tue Nov 18 18:51:06 2014	1416316866	141	54	194	52
Tue Nov 18 18:51:05 2014	1416316865	5	189	194	188
Tue Nov 18 18:51:05 2014	1416316865	6	189	194	188
Tue Nov 18 18:51:05 2014	1416316865	6	189	195	188
Tue Nov 18 18:51:05 2014	1416316865	32	163	195	163
Tue Nov 18 18:51:05 2014	1416316865	32	163	195	163
Tue Nov 18 18:51:05 2014	1416316865	55	140	195	140
Tue Nov 18 18:51:05 2014	1416316865	53	142	195	142
Tue Nov 18 18:51:05 2014	1416316865	55	140	195	140
Tue Nov 18 18:51:05 2014	1416316865	112	85	197	85
Tue Nov 18 18:51:05 2014	1416316865	57	140	197	139
Tue Nov 18 18:51:05 2014	1416316865	56	141	197	141
Tue Nov 18 18:51:05 2014	1416316865	112	85	197	85
Tue Nov 18 18:51:05 2014	1416316865	57	140	197	140
Tue Nov 18 18:51:05 2014	1416316865	47	150	197	150
Tue Nov 18 18:51:05 2014	1416316865	47	150	197	150
Tue Nov 18 18:51:05 2014	1416316865	47	150	197	149
Tue Nov 18 18:51:05 2014	1416316865	47	150	197	150
Tue Nov 18 18:51:05 2014	1416316865	112	85	197	85
Tue Nov 18 18:51:05 2014	1416316865	47	149	197	149
Tue Nov 18 18:51:05 2014	1416316865	47	150	197	149
Tue Nov 18 18:51:05 2014	1416316865	6	191	197	190
Tue Nov 18 18:51:05 2014	1416316865	14	183	197	183
Tue Nov 18 18:51:05 2014	1416316865	33	164	197	164
Tue Nov 18 18:51:05 2014	1416316865	7	190	198	190
Tue Nov 18 18:51:05 2014	1416316865	85	113	198	113
Tue Nov 18 18:51:05 2014	1416316865	7	191	198	190
Tue Nov 18 18:51:05 2014	1416316865	7	192	199	192
Tue Nov 18 18:51:05 2014	1416316865	9	190	200	181
Tue Nov 18 18:51:05 2014	1416316865	37	163	200	163
Tue Nov 18 18:51:05 2014	1416316865	8	192	200	192
Tue Nov 18 18:51:05 2014	1416316865	110	90	200	90
Tue Nov 18 18:51:05 2014	1416316865	110	90	200	90
Tue Nov 18 18:51:05 2014	1416316865	110	90	200	90
Tue Nov 18 18:51:05 2014	1416316865	111	91	202	91
Tue Nov 18 18:51:05 2014	1416316865	10	192	202	192
Tue Nov 18 18:51:05 2014	1416316865	112	91	202	91
Tue Nov 18 18:51:05 2014	1416316865	112	91	202	91
Tue Nov 18 18:51:05 2014	1416316865	85	118	203	118
Tue Nov 18 18:51:05 2014	1416316865	9	194	203	194
Tue Nov 18 18:51:05 2014	1416316865	85	119	203	119
Tue Nov 18 18:51:05 2014	1416316865	41	163	204	163
Tue Nov 18 18:51:05 2014	1416316865	85	120	204	119
Tue Nov 18 18:51:05 2014	1416316865	85	119	204	119
Tue Nov 18 18:51:05 2014	1416316865	56	149	205	149
Tue Nov 18 18:51:05 2014	1416316865	10	194	205	194
Tue Nov 18 18:51:05 2014	1416316865	56	149	205	149
Tue Nov 18 18:51:05 2014	1416316865	10	194	205	194
Tue Nov 18 18:51:05 2014	1416316865	56	149	205	149
Tue Nov 18 18:51:05 2014	1416316865	10	195	205	194
Tue Nov 18 18:51:06 2014	1416316866	147	59	206	59
Tue Nov 18 18:51:06 2014	1416316866	154	53	207	53
Tue Nov 18 18:51:05 2014	1416316865	10	197	207	197
Tue Nov 18 18:51:05 2014	1416316865	10	197	207	197
Tue Nov 18 18:51:05 2014	1416316865	10	198	208	198
Tue Nov 18 18:51:06 2014	1416316866	4	205	209	205
Tue Nov 18 18:51:05 2014	1416316865	11	198	209	197
Tue Nov 18 18:51:05 2014	1416316865	12	197	209	196
Tue Nov 18 18:51:05 2014	1416316865	13	197	209	196
Tue Nov 18 18:51:05 2014	1416316865	13	197	210	189
Tue Nov 18 18:51:05 2014	1416316865	13	197	210	197
Tue Nov 18 18:51:06 2014	1416316866	6	205	210	205
Tue Nov 18 18:51:06 2014	1416316866	6	205	210	205
Tue Nov 18 18:51:06 2014	1416316866	8	205	213	205
Tue Nov 18 18:51:06 2014	1416316866	7	206	213	205
Tue Nov 18 18:51:06 2014	1416316866	8	205	213	205
Tue Nov 18 18:51:06 2014	1416316866	7	205	213	205
Tue Nov 18 18:51:06 2014	1416316866	7	206	213	206
Tue Nov 18 18:51:06 2014	1416316866	8	205	213	204
Tue Nov 18 18:51:05 2014	1416316865	30	186	216	186
Tue Nov 18 18:51:05 2014	1416316865	38	178	217	178
Tue Nov 18 18:51:05 2014	1416316865	37	180	217	180
Tue Nov 18 18:51:05 2014	1416316865	29	188	217	188
Tue Nov 18 18:51:05 2014	1416316865	29	188	217	188
Tue Nov 18 18:51:05 2014	1416316865	29	188	217	188
Tue Nov 18 18:51:05 2014	1416316865	30	187	217	186
Tue Nov 18 18:51:06 2014	1416316866	140	77	218	77
Tue Nov 18 18:51:06 2014	1416316866	140	77	218	77
Tue Nov 18 18:51:05 2014	1416316865	38	180	218	179
Tue Nov 18 18:51:05 2014	1416316865	38	179	218	179
Tue Nov 18 18:51:05 2014	1416316865	38	180	218	179
Tue Nov 18 18:51:05 2014	1416316865	32	187	219	187
Tue Nov 18 18:51:05 2014	1416316865	32	187	219	187
Tue Nov 18 18:51:05 2014	1416316865	32	187	219	187
Tue Nov 18 18:51:05 2014	1416316865	32	187	219	187
Tue Nov 18 18:51:05 2014	1416316865	32	187	219	187
Tue Nov 18 18:51:05 2014	1416316865	32	188	220	188
Tue Nov 18 18:51:05 2014	1416316865	74	150	224	150
Tue Nov 18 18:51:05 2014	1416316865	19	206	225	206
Tue Nov 18 18:51:05 2014	1416316865	19	206	225	206
Tue Nov 18 18:51:06 2014	1416316866	148	77	225	77
Tue Nov 18 18:51:06 2014	1416316866	148	77	225	77
Tue Nov 18 18:51:06 2014	1416316866	146	79	225	78
Tue Nov 18 18:51:05 2014	1416316865	20	206	225	206
Tue Nov 18 18:51:05 2014	1416316865	20	206	225	205
Tue Nov 18 18:51:05 2014	1416316865	38	187	225	178
Tue Nov 18 18:51:07 2014	1416316867	23	203	226	203
Tue Nov 18 18:51:07 2014	1416316867	25	201	226	201
Tue Nov 18 18:51:07 2014	1416316867	25	201	226	201
Tue Nov 18 18:51:07 2014	1416316867	20	206	226	206
Tue Nov 18 18:51:07 2014	1416316867	20	206	226	206
Tue Nov 18 18:51:06 2014	1416316866	148	78	226	78
Tue Nov 18 18:51:05 2014	1416316865	130	96	227	96
Tue Nov 18 18:51:07 2014	1416316867	26	202	228	202
Tue Nov 18 18:51:07 2014	1416316867	29	198	228	198
Tue Nov 18 18:51:05 2014	1416316865	131	96	228	96
Tue Nov 18 18:51:07 2014	1416316867	29	198	228	198
Tue Nov 18 18:51:05 2014	1416316865	21	207	228	206
Tue Nov 18 18:51:05 2014	1416316865	27	201	228	200
Tue Nov 18 18:51:05 2014	1416316865	74	154	228	152
Tue Nov 18 18:51:05 2014	1416316865	49	180	228	179
Tue Nov 18 18:51:06 2014	1416316866	12	216	228	216
Tue Nov 18 18:51:05 2014	1416316865	23	207	229	206
Tue Nov 18 18:51:05 2014	1416316865	23	206	229	206
Tue Nov 18 18:51:05 2014	1416316865	23	206	229	206
Tue Nov 18 18:51:07 2014	1416316867	25	205	230	205
Tue Nov 18 18:51:07 2014	1416316867	25	205	230	205
Tue Nov 18 18:51:05 2014	1416316865	24	206	230	206
Tue Nov 18 18:51:05 2014	1416316865	24	206	230	206
Tue Nov 18 18:51:06 2014	1416316866	12	219	230	219
Tue Nov 18 18:51:06 2014	1416316866	12	219	230	219
Tue Nov 18 18:51:06 2014	1416316866	12	219	231	216
Tue Nov 18 18:51:05 2014	1416316865	24	207	231	206
Tue Nov 18 18:51:05 2014	1416316865	24	207	231	207
Tue Nov 18 18:51:05 2014	1416316865	25	206	231	206
Tue Nov 18 18:51:05 2014	1416316865	125	106	231	102
Tue Nov 18 18:51:06 2014	1416316866	14	217	231	217
Tue Nov 18 18:51:06 2014	1416316866	25	206	231	206
Tue Nov 18 18:51:06 2014	1416316866	14	217	232	217
Tue Nov 18 18:51:05 2014	1416316865	131	101	233	101
Tue Nov 18 18:51:05 2014	1416316865	131	102	233	102
Tue Nov 18 18:51:05 2014	1416316865	82	151	233	146
Tue Nov 18 18:51:05 2014	1416316865	83	150	233	150
Tue Nov 18 18:51:05 2014	1416316865	82	151	233	151
Tue Nov 18 18:51:05 2014	1416316865	82	151	233	151
Tue Nov 18 18:51:05 2014	1416316865	125	108	233	108
Tue Nov 18 18:51:05 2014	1416316865	125	108	233	108
Tue Nov 18 18:51:05 2014	1416316865	125	108	233	108
Tue Nov 18 18:51:05 2014	1416316865	37	197	233	195
Tue Nov 18 18:51:05 2014	1416316865	37	198	234	198
Tue Nov 18 18:51:05 2014	1416316865	125	109	234	109
Tue Nov 18 18:51:05 2014	1416316865	128	107	234	107
Tue Nov 18 18:51:05 2014	1416316865	125	109	234	108
Tue Nov 18 18:51:05 2014	1416316865	19	216	234	206
Tue Nov 18 18:51:05 2014	1416316865	124	111	235	111
Tue Nov 18 18:51:05 2014	1416316865	53	183	235	183
Tue Nov 18 18:51:05 2014	1416316865	127	108	236	108
Tue Nov 18 18:51:05 2014	1416316865	29	206	236	206
Tue Nov 18 18:51:05 2014	1416316865	27	209	237	200
Tue Nov 18 18:51:05 2014	1416316865	82	155	237	151
Tue Nov 18 18:51:05 2014	1416316865	124	115	239	115
Tue Nov 18 18:51:05 2014	1416316865	124	115	239	115
Tue Nov 18 18:51:05 2014	1416316865	124	116	239	115
Tue Nov 18 18:51:05 2014	1416316865	124	116	240	115
Tue Nov 18 18:51:05 2014	1416316865	136	104	240	104
Tue Nov 18 18:51:05 2014	1416316865	124	116	240	115
Tue Nov 18 18:51:05 2014	1416316865	140	102	241	101
Tue Nov 18 18:51:05 2014	1416316865	125	117	241	117
Tue Nov 18 18:51:05 2014	1416316865	138	104	241	99
Tue Nov 18 18:51:05 2014	1416316865	140	101	241	101
Tue Nov 18 18:51:05 2014	1416316865	140	102	242	102
Tue Nov 18 18:51:05 2014	1416316865	141	101	242	101
Tue Nov 18 18:51:05 2014	1416316865	82	161	242	161
Tue Nov 18 18:51:05 2014	1416316865	81	162	243	162
Tue Nov 18 18:51:05 2014	1416316865	81	162	243	162
Tue Nov 18 18:51:06 2014	1416316866	15	227	243	227
Tue Nov 18 18:51:05 2014	1416316865	81	163	244	163
Tue Nov 18 18:51:05 2014	1416316865	81	163	244	163
Tue Nov 18 18:51:06 2014	1416316866	22	223	245	223
Tue Nov 18 18:51:05 2014	1416316865	140	105	245	105
Tue Nov 18 18:51:05 2014	1416316865	190	55	245	55
Tue Nov 18 18:51:05 2014	1416316865	190	55	245	53
Tue Nov 18 18:51:05 2014	1416316865	82	163	245	163
Tue Nov 18 18:51:05 2014	1416316865	82	163	245	163
Tue Nov 18 18:51:05 2014	1416316865	139	106	245	106
Tue Nov 18 18:51:05 2014	1416316865	81	165	246	165
Tue Nov 18 18:51:05 2014	1416316865	119	127	246	127
Tue Nov 18 18:51:05 2014	1416316865	82	164	246	164
Tue Nov 18 18:51:05 2014	1416316865	81	166	246	165
Tue Nov 18 18:51:05 2014	1416316865	82	164	246	164
Tue Nov 18 18:51:05 2014	1416316865	80	166	246	166
Tue Nov 18 18:51:06 2014	1416316866	24	223	246	223
Tue Nov 18 18:51:06 2014	1416316866	21	225	246	225
Tue Nov 18 18:51:06 2014	1416316866	24	223	246	223
Tue Nov 18 18:51:05 2014	1416316865	84	163	247	163
Tue Nov 18 18:51:05 2014	1416316865	139	108	247	106
Tue Nov 18 18:51:05 2014	1416316865	190	57	247	57
Tue Nov 18 18:51:05 2014	1416316865	141	106	247	106
Tue Nov 18 18:51:06 2014	1416316866	19	228	247	228
Tue Nov 18 18:51:05 2014	1416316865	118	129	248	127
Tue Nov 18 18:51:05 2014	1416316865	118	129	248	129
Tue Nov 18 18:51:06 2014	1416316866	20	228	248	228
Tue Nov 18 18:51:06 2014	1416316866	23	225	248	225
Tue Nov 18 18:51:06 2014	1416316866	23	225	248	225
Tue Nov 18 18:51:06 2014	1416316866	23	225	248	225
Tue Nov 18 18:51:06 2014	1416316866	20	228	248	228
Tue Nov 18 18:51:06 2014	1416316866	23	225	248	225
Tue Nov 18 18:51:06 2014	1416316866	23	225	248	225
Tue Nov 18 18:51:05 2014	1416316865	150	98	248	98
Tue Nov 18 18:51:05 2014	1416316865	150	98	249	98
Tue Nov 18 18:51:05 2014	1416316865	81	168	249	168
Tue Nov 18 18:51:06 2014	1416316866	7	243	249	243
Tue Nov 18 18:51:05 2014	1416316865	143	106	250	106
Tue Nov 18 18:51:06 2014	1416316866	17	233	250	232
Tue Nov 18 18:51:05 2014	1416316865	80	170	250	170
Tue Nov 18 18:51:05 2014	1416316865	80	170	250	169
Tue Nov 18 18:51:05 2014	1416316865	161	89	250	89
Tue Nov 18 18:51:05 2014	1416316865	162	88	250	88
Tue Nov 18 18:51:05 2014	1416316865	162	88	250	88
Tue Nov 18 18:51:05 2014	1416316865	81	169	250	169
Tue Nov 18 18:51:05 2014	1416316865	187	63	250	63
Tue Nov 18 18:51:07 2014	1416316867	24	226	250	226
Tue Nov 18 18:51:05 2014	1416316865	162	89	251	89
Tue Nov 18 18:51:05 2014	1416316865	162	89	251	88
Tue Nov 18 18:51:05 2014	1416316865	162	89	251	89
Tue Nov 18 18:51:05 2014	1416316865	80	171	251	171
Tue Nov 18 18:51:06 2014	1416316866	4	247	251	247
Tue Nov 18 18:51:05 2014	1416316865	148	103	251	103
Tue Nov 18 18:51:05 2014	1416316865	80	171	251	171
Tue Nov 18 18:51:05 2014	1416316865	88	164	252	164
Tue Nov 18 18:51:05 2014	1416316865	124	127	252	127
Tue Nov 18 18:51:06 2014	1416316866	18	234	252	234
Tue Nov 18 18:51:06 2014	1416316866	18	234	252	234
Tue Nov 18 18:51:06 2014	1416316866	27	225	252	225
Tue Nov 18 18:51:06 2014	1416316866	8	244	252	244
Tue Nov 18 18:51:06 2014	1416316866	16	236	252	236
Tue Nov 18 18:51:05 2014	1416316865	162	90	252	90
Tue Nov 18 18:51:06 2014	1416316866	17	235	252	233
Tue Nov 18 18:51:05 2014	1416316865	190	62	252	62
Tue Nov 18 18:51:05 2014	1416316865	187	66	253	65
Tue Nov 18 18:51:05 2014	1416316865	148	105	253	105
Tue Nov 18 18:51:05 2014	1416316865	162	92	254	91
Tue Nov 18 18:51:05 2014	1416316865	88	166	254	166
Tue Nov 18 18:51:06 2014	1416316866	9	246	255	246
Tue Nov 18 18:51:05 2014	1416316865	187	68	255	68
Tue Nov 18 18:51:05 2014	1416316865	188	67	255	67
Tue Nov 18 18:51:05 2014	1416316865	188	67	255	67
Tue Nov 18 18:51:06 2014	1416316866	7	248	255	248
Tue Nov 18 18:51:06 2014	1416316866	9	246	255	246
Tue Nov 18 18:51:06 2014	1416316866	8	247	255	245
Tue Nov 18 18:51:06 2014	1416316866	14	241	255	217
Tue Nov 18 18:51:06 2014	1416316866	13	243	255	242
Tue Nov 18 18:51:06 2014	1416316866	21	234	256	234
Tue Nov 18 18:51:06 2014	1416316866	13	243	256	243
Tue Nov 18 18:51:06 2014	1416316866	14	242	256	242
Tue Nov 18 18:51:06 2014	1416316866	14	242	256	242
Tue Nov 18 18:51:05 2014	1416316865	188	69	257	68
Tue Nov 18 18:51:05 2014	1416316865	163	94	257	94
Tue Nov 18 18:51:05 2014	1416316865	188	70	258	69
Tue Nov 18 18:51:05 2014	1416316865	188	70	258	70
Tue Nov 18 18:51:05 2014	1416316865	187	72	259	72
Tue Nov 18 18:51:06 2014	1416316866	14	246	259	245
Tue Nov 18 18:51:05 2014	1416316865	187	74	260	73
Tue Nov 18 18:51:06 2014	1416316866	12	249	261	249
Tue Nov 18 18:51:06 2014	1416316866	12	249	261	249
Tue Nov 18 18:51:05 2014	1416316865	162	102	264	102
Tue Nov 18 18:51:05 2014	1416316865	163	102	264	101
Tue Nov 18 18:51:05 2014	1416316865	163	102	264	102
Tue Nov 18 18:51:05 2014	1416316865	163	102	265	102
Tue Nov 18 18:51:05 2014	1416316865	187	80	266	80
Tue Nov 18 18:51:05 2014	1416316865	160	106	267	106
Tue Nov 18 18:51:06 2014	1416316866	14	253	267	253
Tue Nov 18 18:51:05 2014	1416316865	162	105	267	105
Tue Nov 18 18:51:05 2014	1416316865	162	105	267	105
Tue Nov 18 18:51:05 2014	1416316865	162	105	267	105
Tue Nov 18 18:51:05 2014	1416316865	162	106	268	102
Tue Nov 18 18:51:05 2014	1416316865	161	106	268	106
Tue Nov 18 18:51:06 2014	1416316866	15	252	268	252
Tue Nov 18 18:51:06 2014	1416316866	10	258	269	258
Tue Nov 18 18:51:06 2014	1416316866	17	252	269	235
Tue Nov 18 18:51:06 2014	1416316866	11	258	269	257
Tue Nov 18 18:51:05 2014	1416316865	181	89	269	88
Tue Nov 18 18:51:06 2014	1416316866	12	257	270	257
Tue Nov 18 18:51:05 2014	1416316865	7	264	271	264
Tue Nov 18 18:51:06 2014	1416316866	14	257	271	257
Tue Nov 18 18:51:06 2014	1416316866	14	257	272	257
Tue Nov 18 18:51:05 2014	1416316865	5	267	272	267
Tue Nov 18 18:51:05 2014	1416316865	5	268	273	268
Tue Nov 18 18:51:05 2014	1416316865	189	84	273	84
Tue Nov 18 18:51:04 2014	1416316864	243	30	273	30
Tue Nov 18 18:51:04 2014	1416316864	243	30	273	30
Tue Nov 18 18:51:05 2014	1416316865	190	84	274	84
Tue Nov 18 18:51:04 2014	1416316864	243	31	274	31
Tue Nov 18 18:51:04 2014	1416316864	243	31	274	31
Tue Nov 18 18:51:05 2014	1416316865	190	84	274	84
Tue Nov 18 18:51:04 2014	1416316864	243	31	274	31
Tue Nov 18 18:51:04 2014	1416316864	243	31	274	31
Tue Nov 18 18:51:05 2014	1416316865	190	84	274	84
Tue Nov 18 18:51:05 2014	1416316865	190	84	274	76
Tue Nov 18 18:51:05 2014	1416316865	54	223	277	223
Tue Nov 18 18:51:05 2014	1416316865	189	88	277	88
Tue Nov 18 18:51:05 2014	1416316865	4	274	279	274
Tue Nov 18 18:51:05 2014	1416316865	4	274	279	274
Tue Nov 18 18:51:04 2014	1416316864	243	37	280	37
Tue Nov 18 18:51:04 2014	1416316864	243	37	280	37
Tue Nov 18 18:51:04 2014	1416316864	243	37	280	37
Tue Nov 18 18:51:05 2014	1416316865	6	274	280	274
Tue Nov 18 18:51:05 2014	1416316865	6	274	280	274
Tue Nov 18 18:51:04 2014	1416316864	243	37	280	37
Tue Nov 18 18:51:05 2014	1416316865	6	274	280	274
Tue Nov 18 18:51:04 2014	1416316864	243	37	280	37
Tue Nov 18 18:51:04 2014	1416316864	243	39	282	39
Tue Nov 18 18:51:05 2014	1416316865	5	277	282	277
Tue Nov 18 18:51:04 2014	1416316864	243	39	282	39
Tue Nov 18 18:51:04 2014	1416316864	243	39	282	39
Tue Nov 18 18:51:05 2014	1416316865	13	271	283	271
Tue Nov 18 18:51:04 2014	1416316864	243	41	284	41
Tue Nov 18 18:51:05 2014	1416316865	3	281	284	281
Tue Nov 18 18:51:05 2014	1416316865	3	281	284	281
Tue Nov 18 18:51:04 2014	1416316864	243	41	284	41
Tue Nov 18 18:51:04 2014	1416316864	247	38	284	38
Tue Nov 18 18:51:04 2014	1416316864	247	39	286	39
Tue Nov 18 18:51:05 2014	1416316865	7	279	286	279
Tue Nov 18 18:51:05 2014	1416316865	10	276	287	276
Tue Nov 18 18:51:05 2014	1416316865	5	283	288	283
Tue Nov 18 18:51:05 2014	1416316865	7	281	288	281
Tue Nov 18 18:51:05 2014	1416316865	12	276	288	276
Tue Nov 18 18:51:05 2014	1416316865	13	276	289	276
Tue Nov 18 18:51:05 2014	1416316865	7	283	290	283
Tue Nov 18 18:51:05 2014	1416316865	4	287	292	274
Tue Nov 18 18:51:04 2014	1416316864	247	46	293	46
Tue Nov 18 18:51:06 2014	1416316866	226	67	294	67
Tue Nov 18 18:51:06 2014	1416316866	226	67	294	67
Tue Nov 18 18:51:06 2014	1416316866	226	68	294	67
Tue Nov 18 18:51:06 2014	1416316866	226	68	294	67
Tue Nov 18 18:51:06 2014	1416316866	226	68	294	68
Tue Nov 18 18:51:06 2014	1416316866	234	59	294	59
Tue Nov 18 18:51:05 2014	1416316865	54	241	295	223
Tue Nov 18 18:51:07 2014	1416316867	25	271	295	225
Tue Nov 18 18:51:07 2014	1416316867	25	271	295	271
Tue Nov 18 18:51:07 2014	1416316867	12	291	302	290
Tue Nov 18 18:51:04 2014	1416316864	247	57	303	46
Tue Nov 18 18:51:04 2014	1416316864	247	57	304	57
Tue Nov 18 18:51:04 2014	1416316864	247	57	304	57
Tue Nov 18 18:51:06 2014	1416316866	236	67	304	67
Tue Nov 18 18:51:04 2014	1416316864	247	58	305	57
Tue Nov 18 18:51:04 2014	1416316864	247	58	305	58
Tue Nov 18 18:51:06 2014	1416316866	236	68	305	67
Tue Nov 18 18:51:04 2014	1416316864	247	58	305	58
Tue Nov 18 18:51:07 2014	1416316867	14	294	307	294
Tue Nov 18 18:51:06 2014	1416316866	242	67	309	67
Tue Nov 18 18:51:06 2014	1416316866	242	67	309	67
Tue Nov 18 18:51:06 2014	1416316866	242	67	309	67
Tue Nov 18 18:51:04 2014	1416316864	247	64	311	58
Tue Nov 18 18:51:04 2014	1416316864	247	65	311	65
Tue Nov 18 18:51:04 2014	1416316864	247	65	311	65
Tue Nov 18 18:51:04 2014	1416316864	247	65	311	65
Tue Nov 18 18:51:04 2014	1416316864	247	65	311	65
Tue Nov 18 18:51:04 2014	1416316864	247	65	312	65
Tue Nov 18 18:51:07 2014	1416316867	21	292	313	292
Tue Nov 18 18:51:07 2014	1416316867	21	292	314	292
Tue Nov 18 18:51:07 2014	1416316867	21	293	314	293
Tue Nov 18 18:51:07 2014	1416316867	20	295	315	295
Tue Nov 18 18:51:04 2014	1416316864	247	69	315	68
Tue Nov 18 18:51:07 2014	1416316867	55	260	315	260
Tue Nov 18 18:51:04 2014	1416316864	248	67	315	67
Tue Nov 18 18:51:07 2014	1416316867	55	260	315	260
Tue Nov 18 18:51:04 2014	1416316864	248	68	315	68
Tue Nov 18 18:51:07 2014	1416316867	55	260	315	260
Tue Nov 18 18:51:04 2014	1416316864	248	69	316	69
Tue Nov 18 18:51:04 2014	1416316864	248	69	317	69
Tue Nov 18 18:51:06 2014	1416316866	251	67	318	67
Tue Nov 18 18:51:07 2014	1416316867	12	308	319	290
Tue Nov 18 18:51:07 2014	1416316867	12	309	320	308
Tue Nov 18 18:51:07 2014	1416316867	12	309	320	309
Tue Nov 18 18:51:07 2014	1416316867	61	260	320	260
Tue Nov 18 18:51:07 2014	1416316867	21	300	321	299
Tue Nov 18 18:51:07 2014	1416316867	21	300	321	300
Tue Nov 18 18:51:07 2014	1416316867	21	299	321	299
Tue Nov 18 18:51:07 2014	1416316867	62	260	322	259
Tue Nov 18 18:51:07 2014	1416316867	19	305	324	305
Tue Nov 18 18:51:07 2014	1416316867	19	305	324	305
Tue Nov 18 18:51:07 2014	1416316867	14	311	325	271
Tue Nov 18 18:51:07 2014	1416316867	14	312	326	311
Tue Nov 18 18:51:07 2014	1416316867	21	305	326	305
Tue Nov 18 18:51:04 2014	1416316864	248	81	329	73
Tue Nov 18 18:51:04 2014	1416316864	248	82	329	81
Tue Nov 18 18:51:04 2014	1416316864	248	82	329	82
Tue Nov 18 18:51:04 2014	1416316864	248	90	337	90
Tue Nov 18 18:51:04 2014	1416316864	248	90	338	90
Tue Nov 18 18:51:04 2014	1416316864	248	90	338	90
Tue Nov 18 18:51:04 2014	1416316864	248	90	338	90
Tue Nov 18 18:51:04 2014	1416316864	248	93	341	93
Tue Nov 18 18:51:04 2014	1416316864	248	93	341	93
Tue Nov 18 18:51:04 2014	1416316864	248	94	341	93
Tue Nov 18 18:51:04 2014	1416316864	248	94	341	94
Tue Nov 18 18:51:04 2014	1416316864	248	94	341	94
Tue Nov 18 18:51:04 2014	1416316864	251	92	343	92
Tue Nov 18 18:51:04 2014	1416316864	261	83	344	83
Tue Nov 18 18:51:04 2014	1416316864	261	85	346	83
Tue Nov 18 18:51:05 2014	1416316865	58	294	353	294
Tue Nov 18 18:51:05 2014	1416316865	56	305	361	305
Tue Nov 18 18:51:05 2014	1416316865	56	305	361	305
Tue Nov 18 18:51:05 2014	1416316865	56	305	361	305
Tue Nov 18 18:51:05 2014	1416316865	59	305	364	305
Tue Nov 18 18:51:05 2014	1416316865	58	306	364	294
Tue Nov 18 18:51:05 2014	1416316865	58	306	364	306
Tue Nov 18 18:51:04 2014	1416316864	261	124	385	124
Tue Nov 18 18:51:04 2014	1416316864	261	127	388	124
Tue Nov 18 18:51:04 2014	1416316864	261	127	388	127
Tue Nov 18 18:51:04 2014	1416316864	261	128	388	127
Tue Nov 18 18:51:04 2014	1416316864	261	128	388	128
Tue Nov 18 18:51:04 2014	1416316864	261	128	388	128
Tue Nov 18 18:51:04 2014	1416316864	261	128	389	128
Tue Nov 18 18:51:05 2014	1416316865	101	289	389	289
Tue Nov 18 18:51:05 2014	1416316865	102	289	391	288
Tue Nov 18 18:51:05 2014	1416316865	102	294	396	289
Tue Nov 18 18:51:04 2014	1416316864	261	136	396	136
Tue Nov 18 18:51:04 2014	1416316864	261	136	396	136
Tue Nov 18 18:51:04 2014	1416316864	261	136	396	136
Tue Nov 18 18:51:04 2014	1416316864	261	136	397	136
Tue Nov 18 18:51:04 2014	1416316864	261	136	397	136
Tue Nov 18 18:51:04 2014	1416316864	261	136	397	136
Tue Nov 18 18:51:05 2014	1416316865	101	297	398	289
Tue Nov 18 18:51:05 2014	1416316865	101	298	398	298
Tue Nov 18 18:51:04 2014	1416316864	261	138	399	138
Tue Nov 18 18:51:04 2014	1416316864	263	136	399	136
Tue Nov 18 18:51:04 2014	1416316864	263	136	399	136
Tue Nov 18 18:51:04 2014	1416316864	263	136	399	136
Tue Nov 18 18:51:04 2014	1416316864	263	137	400	137
Tue Nov 18 18:51:04 2014	1416316864	263	137	400	137
Tue Nov 18 18:51:04 2014	1416316864	263	137	400	137
Tue Nov 18 18:51:04 2014	1416316864	263	137	400	137
Tue Nov 18 18:51:04 2014	1416316864	263	137	401	137
Tue Nov 18 18:51:04 2014	1416316864	263	137	401	137
Tue Nov 18 18:51:04 2014	1416316864	263	137	401	137
Tue Nov 18 18:51:04 2014	1416316864	263	138	401	137
Tue Nov 18 18:51:06 2014	1416316866	345	69	414	69
Tue Nov 18 18:51:06 2014	1416316866	334	97	431	97
Tue Nov 18 18:51:06 2014	1416316866	334	97	431	97
Tue Nov 18 18:51:06 2014	1416316866	334	98	432	98
Tue Nov 18 18:51:06 2014	1416316866	334	98	433	97
Tue Nov 18 18:51:06 2014	1416316866	313	122	436	122
Tue Nov 18 18:51:06 2014	1416316866	313	122	436	122
Tue Nov 18 18:51:06 2014	1416316866	341	95	436	95
Tue Nov 18 18:51:06 2014	1416316866	340	96	437	96
Tue Nov 18 18:51:06 2014	1416316866	340	96	437	95
Tue Nov 18 18:51:06 2014	1416316866	340	97	437	96
Tue Nov 18 18:51:06 2014	1416316866	327	112	439	112
Tue Nov 18 18:51:06 2014	1416316866	327	112	439	112
Tue Nov 18 18:51:06 2014	1416316866	327	117	444	117
Tue Nov 18 18:51:06 2014	1416316866	327	121	448	121
Tue Nov 18 18:51:06 2014	1416316866	327	121	448	121
Tue Nov 18 18:51:06 2014	1416316866	327	121	448	121
Tue Nov 18 18:51:06 2014	1416316866	327	121	448	121
Tue Nov 18 18:51:06 2014	1416316866	327	122	449	121
Tue Nov 18 18:51:05 2014	1416316865	57	393	450	360
Tue Nov 18 18:51:06 2014	1416316866	344	108	452	108
Tue Nov 18 18:51:06 2014	1416316866	346	108	454	108
Tue Nov 18 18:51:06 2014	1416316866	344	112	456	110
Tue Nov 18 18:51:05 2014	1416316865	57	407	464	407
Tue Nov 18 18:51:05 2014	1416316865	57	407	465	407
Tue Nov 18 18:51:05 2014	1416316865	57	408	465	407
Tue Nov 18 18:51:05 2014	1416316865	57	408	465	407
Tue Nov 18 18:51:05 2014	1416316865	57	408	465	408
Tue Nov 18 18:51:05 2014	1416316865	57	412	469	412
Tue Nov 18 18:51:05 2014	1416316865	57	413	469	412
Tue Nov 18 18:51:07 2014	1416316867	391	79	470	79
Tue Nov 18 18:51:04 2014	1416316864	263	207	470	207
Tue Nov 18 18:51:04 2014	1416316864	263	207	470	207
Tue Nov 18 18:51:04 2014	1416316864	263	207	470	207
Tue Nov 18 18:51:04 2014	1416316864	263	207	471	207
Tue Nov 18 18:51:04 2014	1416316864	263	207	471	207
Tue Nov 18 18:51:04 2014	1416316864	266	205	471	205
Tue Nov 18 18:51:04 2014	1416316864	266	205	471	205
Tue Nov 18 18:51:04 2014	1416316864	266	205	471	205
Tue Nov 18 18:51:07 2014	1416316867	392	79	471	79
Tue Nov 18 18:51:04 2014	1416316864	266	205	471	205
Tue Nov 18 18:51:04 2014	1416316864	266	205	471	205
Tue Nov 18 18:51:04 2014	1416316864	266	205	471	205
Tue Nov 18 18:51:04 2014	1416316864	266	205	471	205
Tue Nov 18 18:51:04 2014	1416316864	266	205	471	205
Tue Nov 18 18:51:04 2014	1416316864	266	205	471	205
Tue Nov 18 18:51:04 2014	1416316864	266	205	471	205
Tue Nov 18 18:51:04 2014	1416316864	266	205	471	205
Tue Nov 18 18:51:04 2014	1416316864	266	205	471	205
Tue Nov 18 18:51:04 2014	1416316864	266	205	471	205
Tue Nov 18 18:51:04 2014	1416316864	266	207	473	207
Tue Nov 18 18:51:04 2014	1416316864	266	207	473	207
Tue Nov 18 18:51:07 2014	1416316867	392	81	473	81
Tue Nov 18 18:51:07 2014	1416316867	391	82	474	82
Tue Nov 18 18:51:05 2014	1416316865	57	416	474	416
Tue Nov 18 18:51:05 2014	1416316865	57	417	474	417
Tue Nov 18 18:51:07 2014	1416316867	375	99	474	99
Tue Nov 18 18:51:07 2014	1416316867	392	82	474	82
Tue Nov 18 18:51:07 2014	1416316867	376	99	474	98
Tue Nov 18 18:51:07 2014	1416316867	376	99	474	99
Tue Nov 18 18:51:07 2014	1416316867	376	99	474	99
Tue Nov 18 18:51:07 2014	1416316867	391	85	476	84
Tue Nov 18 18:51:07 2014	1416316867	391	86	477	85
Tue Nov 18 18:51:07 2014	1416316867	391	86	477	86
Tue Nov 18 18:51:07 2014	1416316867	406	73	480	73
Tue Nov 18 18:51:07 2014	1416316867	201	279	480	279
Tue Nov 18 18:51:07 2014	1416316867	407	73	480	73
Tue Nov 18 18:51:06 2014	1416316866	134	347	481	346
Tue Nov 18 18:51:06 2014	1416316866	135	347	481	346
Tue Nov 18 18:51:06 2014	1416316866	136	347	483	347
Tue Nov 18 18:51:06 2014	1416316866	136	347	483	347
Tue Nov 18 18:51:06 2014	1416316866	60	423	483	423
Tue Nov 18 18:51:07 2014	1416316867	406	77	483	77
Tue Nov 18 18:51:07 2014	1416316867	406	79	485	79
Tue Nov 18 18:51:07 2014	1416316867	193	293	486	292
Tue Nov 18 18:51:07 2014	1416316867	191	294	486	294
Tue Nov 18 18:51:07 2014	1416316867	194	292	486	292
Tue Nov 18 18:51:07 2014	1416316867	194	292	486	292
Tue Nov 18 18:51:07 2014	1416316867	194	292	486	292
Tue Nov 18 18:51:07 2014	1416316867	194	292	486	292
Tue Nov 18 18:51:07 2014	1416316867	194	292	486	292
Tue Nov 18 18:51:07 2014	1416316867	194	292	486	292
Tue Nov 18 18:51:07 2014	1416316867	193	294	487	294
Tue Nov 18 18:51:07 2014	1416316867	193	294	487	294
Tue Nov 18 18:51:07 2014	1416316867	191	296	487	296
Tue Nov 18 18:51:07 2014	1416316867	388	101	489	101
Tue Nov 18 18:51:07 2014	1416316867	391	99	490	99
Tue Nov 18 18:51:07 2014	1416316867	390	101	491	101
Tue Nov 18 18:51:07 2014	1416316867	389	104	493	104
Tue Nov 18 18:51:07 2014	1416316867	389	104	493	104
Tue Nov 18 18:51:07 2014	1416316867	389	104	493	104
Tue Nov 18 18:51:07 2014	1416316867	389	104	493	104
Tue Nov 18 18:51:07 2014	1416316867	391	104	495	104
Tue Nov 18 18:51:04 2014	1416316864	266	231	497	207
Tue Nov 18 18:51:04 2014	1416316864	267	230	497	230
Tue Nov 18 18:51:04 2014	1416316864	268	230	497	230
Tue Nov 18 18:51:04 2014	1416316864	268	230	497	230
Tue Nov 18 18:51:07 2014	1416316867	122	379	501	378
Tue Nov 18 18:51:05 2014	1416316865	57	445	502	417
Tue Nov 18 18:51:05 2014	1416316865	57	445	503	445
Tue Nov 18 18:51:05 2014	1416316865	63	439	503	439
Tue Nov 18 18:51:05 2014	1416316865	63	439	503	439
Tue Nov 18 18:51:07 2014	1416316867	150	354	503	353
Tue Nov 18 18:51:07 2014	1416316867	209	295	504	293
Tue Nov 18 18:51:07 2014	1416316867	150	357	507	357
Tue Nov 18 18:51:07 2014	1416316867	150	362	512	362
Tue Nov 18 18:51:07 2014	1416316867	150	362	512	362
Tue Nov 18 18:51:07 2014	1416316867	150	363	513	363
Tue Nov 18 18:51:07 2014	1416316867	235	281	516	281
Tue Nov 18 18:51:06 2014	1416316866	379	140	520	140
Tue Nov 18 18:51:06 2014	1416316866	379	141	520	140
Tue Nov 18 18:51:06 2014	1416316866	379	141	520	140
Tue Nov 18 18:51:07 2014	1416316867	235	292	527	288
Tue Nov 18 18:51:07 2014	1416316867	235	292	527	292
Tue Nov 18 18:51:06 2014	1416316866	379	150	530	141
Tue Nov 18 18:51:06 2014	1416316866	379	150	530	150
Tue Nov 18 18:51:06 2014	1416316866	384	147	531	147
Tue Nov 18 18:51:06 2014	1416316866	384	147	531	147
Tue Nov 18 18:51:06 2014	1416316866	384	147	531	147
Tue Nov 18 18:51:06 2014	1416316866	384	147	531	147
Tue Nov 18 18:51:06 2014	1416316866	386	147	533	147
Tue Nov 18 18:51:06 2014	1416316866	386	148	534	147
Tue Nov 18 18:51:07 2014	1416316867	129	409	538	409
Tue Nov 18 18:51:06 2014	1416316866	193	346	539	346
Tue Nov 18 18:51:06 2014	1416316866	193	346	539	346
Tue Nov 18 18:51:06 2014	1416316866	193	346	539	346
Tue Nov 18 18:51:06 2014	1416316866	217	323	540	323
Tue Nov 18 18:51:06 2014	1416316866	217	324	541	324
Tue Nov 18 18:51:06 2014	1416316866	217	324	541	324
Tue Nov 18 18:51:07 2014	1416316867	141	404	545	404
Tue Nov 18 18:51:06 2014	1416316866	399	147	545	146
Tue Nov 18 18:51:06 2014	1416316866	399	146	545	146
Tue Nov 18 18:51:06 2014	1416316866	399	146	545	146
Tue Nov 18 18:51:06 2014	1416316866	399	146	545	146
Tue Nov 18 18:51:06 2014	1416316866	217	328	545	324
Tue Nov 18 18:51:07 2014	1416316867	128	417	546	417
Tue Nov 18 18:51:07 2014	1416316867	128	417	546	417
Tue Nov 18 18:51:06 2014	1416316866	354	192	546	192
Tue Nov 18 18:51:06 2014	1416316866	354	192	546	192
Tue Nov 18 18:51:06 2014	1416316866	355	192	547	192
Tue Nov 18 18:51:06 2014	1416316866	355	192	547	192
Tue Nov 18 18:51:06 2014	1416316866	278	269	547	269
Tue Nov 18 18:51:06 2014	1416316866	287	260	547	260
Tue Nov 18 18:51:06 2014	1416316866	287	260	547	260
Tue Nov 18 18:51:07 2014	1416316867	128	420	548	420
Tue Nov 18 18:51:06 2014	1416316866	279	269	548	269
Tue Nov 18 18:51:06 2014	1416316866	279	269	548	269
Tue Nov 18 18:51:06 2014	1416316866	350	198	548	198
Tue Nov 18 18:51:06 2014	1416316866	350	199	548	198
Tue Nov 18 18:51:06 2014	1416316866	217	332	549	332
Tue Nov 18 18:51:06 2014	1416316866	217	332	549	332
Tue Nov 18 18:51:06 2014	1416316866	217	332	549	332
Tue Nov 18 18:51:07 2014	1416316867	140	410	550	410
Tue Nov 18 18:51:06 2014	1416316866	351	200	551	200
Tue Nov 18 18:51:06 2014	1416316866	404	147	551	147
Tue Nov 18 18:51:06 2014	1416316866	351	200	551	200
Tue Nov 18 18:51:06 2014	1416316866	351	200	551	200
Tue Nov 18 18:51:06 2014	1416316866	354	198	552	198
Tue Nov 18 18:51:06 2014	1416316866	354	199	553	199
Tue Nov 18 18:51:06 2014	1416316866	354	200	553	199
Tue Nov 18 18:51:06 2014	1416316866	354	199	553	199
Tue Nov 18 18:51:06 2014	1416316866	354	200	553	200
Tue Nov 18 18:51:06 2014	1416316866	217	340	557	340
Tue Nov 18 18:51:06 2014	1416316866	288	269	557	269
